Country code,State code,Postcode / ZIP,City,Rate %,Tax name,Priority,Compound,Shipping
US,NC,*,,6.7500,Tax,1,0,1
US,NC,27006,,7.0000,Tax,1,0,1
US,NC,27007,,7.0000,Tax,1,0,1
US,NC,27009,,7.0000,Tax,1,0,1
US,NC,27011,,7.0000,Tax,1,0,1
US,NC,27012,,7.0000,Tax,1,0,1
US,NC,27013,,6.7500,Tax,1,0,1
US,NC,27014,,6.7500,Tax,1,0,1
US,NC,27016,,7.0000,Tax,1,0,1
US,NC,27017,,7.0000,Tax,1,0,1
US,NC,27018,,6.7500,Tax,1,0,1
US,NC,27019,,6.7500,Tax,1,0,1
US,NC,27020,,6.7500,Tax,1,0,1
US,NC,27021,,7.0000,Tax,1,0,1
US,NC,27022,,6.7500,Tax,1,0,1
US,NC,27023,,6.7500,Tax,1,0,1
US,NC,27024,,6.7500,Tax,1,0,1
US,NC,27025,,6.7500,Tax,1,0,1
US,NC,27027,,7.0000,Tax,1,0,1
US,NC,27028,,6.7500,Tax,1,0,1
US,NC,27030,,7.0000,Tax,1,0,1
US,NC,27031,,6.7500,Tax,1,0,1
US,NC,27040,,7.0000,Tax,1,0,1
US,NC,27041,,7.0000,Tax,1,0,1
US,NC,27042,,7.0000,Tax,1,0,1
US,NC,27043,,7.0000,Tax,1,0,1
US,NC,27045,,6.7500,Tax,1,0,1
US,NC,27046,,7.0000,Tax,1,0,1
US,NC,27047,,6.7500,Tax,1,0,1
US,NC,27048,,6.7500,Tax,1,0,1
US,NC,27050,,6.7500,Tax,1,0,1
US,NC,27051,,6.7500,Tax,1,0,1
US,NC,27053,,6.7500,Tax,1,0,1
US,NC,27054,,6.7500,Tax,1,0,1
US,NC,27055,,6.7500,Tax,1,0,1
US,NC,27101,,7.0000,Tax,1,0,1
US,NC,27103,,7.0000,Tax,1,0,1
US,NC,27104,,7.0000,Tax,1,0,1
US,NC,27105,,7.0000,Tax,1,0,1
US,NC,27106,,7.0000,Tax,1,0,1
US,NC,27107,,7.0000,Tax,1,0,1
US,NC,27109,,7.0000,Tax,1,0,1
US,NC,27127,,7.0000,Tax,1,0,1
US,NC,27201,,7.5000,Tax,1,0,1
US,NC,27202,,6.7500,Tax,1,0,1
US,NC,27203,,7.0000,Tax,1,0,1
US,NC,27205,,7.0000,Tax,1,0,1
US,NC,27207,,7.5000,Tax,1,0,1
US,NC,27208,,7.5000,Tax,1,0,1
US,NC,27209,,7.5000,Tax,1,0,1
US,NC,27212,,6.7500,Tax,1,0,1
US,NC,27213,,6.7500,Tax,1,0,1
US,NC,27214,,6.7500,Tax,1,0,1
US,NC,27215,,6.7500,Tax,1,0,1
US,NC,27217,,6.7500,Tax,1,0,1
US,NC,27229,,7.0000,Tax,1,0,1
US,NC,27230,,6.7500,Tax,1,0,1
US,NC,27231,,7.0000,Tax,1,0,1
US,NC,27233,,6.7500,Tax,1,0,1
US,NC,27235,,6.7500,Tax,1,0,1
US,NC,27237,,6.7500,Tax,1,0,1
US,NC,27239,,6.7500,Tax,1,0,1
US,NC,27244,,6.7500,Tax,1,0,1
US,NC,27248,,6.7500,Tax,1,0,1
US,NC,27249,,6.7500,Tax,1,0,1
US,NC,27252,,6.7500,Tax,1,0,1
US,NC,27253,,6.7500,Tax,1,0,1
US,NC,27258,,6.7500,Tax,1,0,1
US,NC,27260,,6.7500,Tax,1,0,1
US,NC,27263,,6.7500,Tax,1,0,1
US,NC,27265,,6.7500,Tax,1,0,1
US,NC,27278,,6.7500,Tax,1,0,1
US,NC,27281,,6.7500,Tax,1,0,1
US,NC,27282,,6.7500,Tax,1,0,1
US,NC,27284,,6.7500,Tax,1,0,1
US,NC,27298,,6.7500,Tax,1,0,1
US,NC,27301,,6.7500,Tax,1,0,1
US,NC,27302,,6.7500,Tax,1,0,1
US,NC,27310,,6.7500,Tax,1,0,1
US,NC,27312,,7.0000,Tax,1,0,1
US,NC,27313,,6.7500,Tax,1,0,1
US,NC,27314,,6.7500,Tax,1,0,1
US,NC,27315,,7.5000,Tax,1,0,1
US,NC,27316,,6.7500,Tax,1,0,1
US,NC,27317,,7.5000,Tax,1,0,1
US,NC,27320,,6.7500,Tax,1,0,1
US,NC,27325,,6.7500,Tax,1,0,1
US,NC,27330,,7.0000,Tax,1,0,1
US,NC,27332,,6.7500,Tax,1,0,1
US,NC,27340,,6.7500,Tax,1,0,1
US,NC,27341,,6.7500,Tax,1,0,1
US,NC,27343,,6.7500,Tax,1,0,1
US,NC,27344,,6.7500,Tax,1,0,1
US,NC,27349,,6.7500,Tax,1,0,1
US,NC,27350,,6.7500,Tax,1,0,1
US,NC,27355,,6.7500,Tax,1,0,1
US,NC,27356,,6.7500,Tax,1,0,1
US,NC,27357,,6.7500,Tax,1,0,1
US,NC,27358,,6.7500,Tax,1,0,1
US,NC,27377,,6.7500,Tax,1,0,1
US,NC,27401,,6.7500,Tax,1,0,1
US,NC,27403,,6.7500,Tax,1,0,1
US,NC,27405,,6.7500,Tax,1,0,1
US,NC,27406,,6.7500,Tax,1,0,1
US,NC,27407,,6.7500,Tax,1,0,1
US,NC,27408,,6.7500,Tax,1,0,1
US,NC,27409,,6.7500,Tax,1,0,1
US,NC,27410,,6.7500,Tax,1,0,1
US,NC,27455,,6.7500,Tax,1,0,1
US,NC,27501,,6.7500,Tax,1,0,1
US,NC,27502,,7.2500,Tax,1,0,1
US,NC,27503,,7.2500,Tax,1,0,1
US,NC,27504,,7.2500,Tax,1,0,1
US,NC,27505,,7.2500,Tax,1,0,1
US,NC,27506,,7.2500,Tax,1,0,1
US,NC,27507,,7.2500,Tax,1,0,1
US,NC,27508,,7.2500,Tax,1,0,1
US,NC,27509,,7.2500,Tax,1,0,1
US,NC,27510,,6.7500,Tax,1,0,1
US,NC,27511,,6.7500,Tax,1,0,1
US,NC,27513,,7.2500,Tax,1,0,1
US,NC,27514,,6.7500,Tax,1,0,1
US,NC,27515,,7.2500,Tax,1,0,1
US,NC,27516,,6.7500,Tax,1,0,1
US,NC,27517,,6.7500,Tax,1,0,1
US,NC,27518,,6.7500,Tax,1,0,1
US,NC,27519,,6.7500,Tax,1,0,1
US,NC,27520,,6.7500,Tax,1,0,1
US,NC,27521,,6.7500,Tax,1,0,1
US,NC,27522,,6.7500,Tax,1,0,1
US,NC,27523,,6.7500,Tax,1,0,1
US,NC,27524,,6.7500,Tax,1,0,1
US,NC,27525,,6.7500,Tax,1,0,1
US,NC,27526,,6.7500,Tax,1,0,1
US,NC,27527,,6.7500,Tax,1,0,1
US,NC,27529,,7.2500,Tax,1,0,1
US,NC,27530,,6.7500,Tax,1,0,1
US,NC,27531,,6.7500,Tax,1,0,1
US,NC,27534,,6.7500,Tax,1,0,1
US,NC,27536,,6.7500,Tax,1,0,1
US,NC,27537,,6.7500,Tax,1,0,1
US,NC,27539,,6.7500,Tax,1,0,1
US,NC,27540,,6.7500,Tax,1,0,1
US,NC,27541,,6.7500,Tax,1,0,1
US,NC,27542,,6.7500,Tax,1,0,1
US,NC,27544,,6.7500,Tax,1,0,1
US,NC,27545,,6.7500,Tax,1,0,1
US,NC,27546,,6.7500,Tax,1,0,1
US,NC,27549,,6.7500,Tax,1,0,1
US,NC,27551,,6.7500,Tax,1,0,1
US,NC,27552,,6.7500,Tax,1,0,1
US,NC,27553,,6.7500,Tax,1,0,1
US,NC,27555,,7.2500,Tax,1,0,1
US,NC,27556,,6.7500,Tax,1,0,1
US,NC,27557,,6.7500,Tax,1,0,1
US,NC,27559,,7.2500,Tax,1,0,1
US,NC,27560,,6.7500,Tax,1,0,1
US,NC,27562,,6.7500,Tax,1,0,1
US,NC,27563,,6.7500,Tax,1,0,1
US,NC,27564,,6.7500,Tax,1,0,1
US,NC,27565,,6.7500,Tax,1,0,1
US,NC,27569,,6.7500,Tax,1,0,1
US,NC,27571,,6.7500,Tax,1,0,1
US,NC,27572,,6.7500,Tax,1,0,1
US,NC,27573,,6.7500,Tax,1,0,1
US,NC,27574,,6.7500,Tax,1,0,1
US,NC,27576,,6.7500,Tax,1,0,1
US,NC,27577,,6.7500,Tax,1,0,1
US,NC,27581,,6.7500,Tax,1,0,1
US,NC,27582,,6.7500,Tax,1,0,1
US,NC,27583,,6.7500,Tax,1,0,1
US,NC,27584,,6.7500,Tax,1,0,1
US,NC,27587,,7.2500,Tax,1,0,1
US,NC,27591,,6.7500,Tax,1,0,1
US,NC,27592,,6.7500,Tax,1,0,1
US,NC,27593,,6.7500,Tax,1,0,1
US,NC,27594,,6.7500,Tax,1,0,1
US,NC,27596,,6.7500,Tax,1,0,1
US,NC,27597,,6.7500,Tax,1,0,1
US,NC,27599,,7.2500,Tax,1,0,1
US,NC,27601,,7.2500,Tax,1,0,1
US,NC,27603,,7.2500,Tax,1,0,1
US,NC,27604,,7.2500,Tax,1,0,1
US,NC,27605,,7.2500,Tax,1,0,1
US,NC,27606,,7.2500,Tax,1,0,1
US,NC,27607,,7.2500,Tax,1,0,1
US,NC,27608,,7.2500,Tax,1,0,1
US,NC,27609,,7.2500,Tax,1,0,1
US,NC,27610,,7.2500,Tax,1,0,1
US,NC,27612,,7.2500,Tax,1,0,1
US,NC,27613,,7.2500,Tax,1,0,1
US,NC,27614,,7.2500,Tax,1,0,1
US,NC,27615,,7.2500,Tax,1,0,1
US,NC,27616,,7.2500,Tax,1,0,1
US,NC,27617,,7.2500,Tax,1,0,1
US,NC,27701,,7.5000,Tax,1,0,1
US,NC,27703,,7.5000,Tax,1,0,1
US,NC,27704,,7.5000,Tax,1,0,1
US,NC,27705,,7.5000,Tax,1,0,1
US,NC,27706,,7.5000,Tax,1,0,1
US,NC,27707,,7.5000,Tax,1,0,1
US,NC,27708,,7.5000,Tax,1,0,1
US,NC,27709,,7.5000,Tax,1,0,1
US,NC,27710,,7.5000,Tax,1,0,1
US,NC,27712,,7.5000,Tax,1,0,1
US,NC,27713,,7.5000,Tax,1,0,1
US,NC,27801,,7.0000,Tax,1,0,1
US,NC,27803,,7.0000,Tax,1,0,1
US,NC,27804,,7.0000,Tax,1,0,1
US,NC,27805,,7.0000,Tax,1,0,1
US,NC,27806,,7.0000,Tax,1,0,1
US,NC,27807,,7.0000,Tax,1,0,1
US,NC,27808,,7.0000,Tax,1,0,1
US,NC,27809,,7.0000,Tax,1,0,1
US,NC,27810,,7.0000,Tax,1,0,1
US,NC,27812,,7.0000,Tax,1,0,1
US,NC,27814,,7.0000,Tax,1,0,1
US,NC,27815,,7.0000,Tax,1,0,1
US,NC,27816,,7.0000,Tax,1,0,1
US,NC,27817,,7.0000,Tax,1,0,1
US,NC,27818,,6.7500,Tax,1,0,1
US,NC,27819,,7.0000,Tax,1,0,1
US,NC,27820,,6.7500,Tax,1,0,1
US,NC,27821,,7.0000,Tax,1,0,1
US,NC,27822,,6.7500,Tax,1,0,1
US,NC,27823,,7.0000,Tax,1,0,1
US,NC,27824,,7.0000,Tax,1,0,1
US,NC,27825,,7.0000,Tax,1,0,1
US,NC,27826,,7.0000,Tax,1,0,1
US,NC,27827,,7.0000,Tax,1,0,1
US,NC,27828,,7.0000,Tax,1,0,1
US,NC,27829,,7.0000,Tax,1,0,1
US,NC,27830,,7.0000,Tax,1,0,1
US,NC,27831,,7.0000,Tax,1,0,1
US,NC,27832,,7.0000,Tax,1,0,1
US,NC,27834,,7.0000,Tax,1,0,1
US,NC,27837,,7.0000,Tax,1,0,1
US,NC,27839,,7.0000,Tax,1,0,1
US,NC,27840,,7.0000,Tax,1,0,1
US,NC,27841,,7.0000,Tax,1,0,1
US,NC,27842,,7.0000,Tax,1,0,1
US,NC,27843,,7.0000,Tax,1,0,1
US,NC,27844,,7.0000,Tax,1,0,1
US,NC,27845,,7.0000,Tax,1,0,1
US,NC,27846,,7.0000,Tax,1,0,1
US,NC,27847,,7.0000,Tax,1,0,1
US,NC,27849,,7.0000,Tax,1,0,1
US,NC,27850,,7.0000,Tax,1,0,1
US,NC,27851,,7.0000,Tax,1,0,1
US,NC,27852,,7.0000,Tax,1,0,1
US,NC,27853,,7.0000,Tax,1,0,1
US,NC,27855,,7.0000,Tax,1,0,1
US,NC,27856,,7.0000,Tax,1,0,1
US,NC,27857,,7.0000,Tax,1,0,1
US,NC,27858,,7.0000,Tax,1,0,1
US,NC,27860,,7.0000,Tax,1,0,1
US,NC,27861,,7.0000,Tax,1,0,1
US,NC,27862,,7.0000,Tax,1,0,1
US,NC,27863,,7.0000,Tax,1,0,1
US,NC,27864,,6.7500,Tax,1,0,1
US,NC,27865,,7.0000,Tax,1,0,1
US,NC,27866,,6.7500,Tax,1,0,1
US,NC,27869,,7.0000,Tax,1,0,1
US,NC,27870,,7.0000,Tax,1,0,1
US,NC,27871,,7.0000,Tax,1,0,1
US,NC,27872,,7.0000,Tax,1,0,1
US,NC,27873,,7.0000,Tax,1,0,1
US,NC,27874,,7.0000,Tax,1,0,1
US,NC,27875,,7.0000,Tax,1,0,1
US,NC,27876,,7.0000,Tax,1,0,1
US,NC,27877,,7.0000,Tax,1,0,1
US,NC,27878,,7.0000,Tax,1,0,1
US,NC,27879,,7.0000,Tax,1,0,1
US,NC,27880,,7.0000,Tax,1,0,1
US,NC,27881,,7.0000,Tax,1,0,1
US,NC,27882,,7.0000,Tax,1,0,1
US,NC,27883,,7.0000,Tax,1,0,1
US,NC,27886,,7.0000,Tax,1,0,1
US,NC,27888,,7.0000,Tax,1,0,1
US,NC,27889,,7.0000,Tax,1,0,1
US,NC,27890,,7.0000,Tax,1,0,1
US,NC,27892,,7.0000,Tax,1,0,1
US,NC,27893,,7.0000,Tax,1,0,1
US,NC,27896,,7.0000,Tax,1,0,1
US,NC,27897,,7.0000,Tax,1,0,1
US,NC,27909,,6.7500,Tax,1,0,1
US,NC,27910,,6.7500,Tax,1,0,1
US,NC,27915,,6.7500,Tax,1,0,1
US,NC,27916,,6.7500,Tax,1,0,1
US,NC,27917,,6.7500,Tax,1,0,1
US,NC,27919,,6.7500,Tax,1,0,1
US,NC,27920,,6.7500,Tax,1,0,1
US,NC,27921,,6.7500,Tax,1,0,1
US,NC,27922,,6.7500,Tax,1,0,1
US,NC,27924,,6.7500,Tax,1,0,1
US,NC,27925,,6.7500,Tax,1,0,1
US,NC,27926,,6.7500,Tax,1,0,1
US,NC,27927,,6.7500,Tax,1,0,1
US,NC,27928,,6.7500,Tax,1,0,1
US,NC,27929,,6.7500,Tax,1,0,1
US,NC,27932,,6.7500,Tax,1,0,1
US,NC,27935,,6.7500,Tax,1,0,1
US,NC,27936,,6.7500,Tax,1,0,1
US,NC,27937,,6.7500,Tax,1,0,1
US,NC,27938,,6.7500,Tax,1,0,1
US,NC,27939,,6.7500,Tax,1,0,1
US,NC,27941,,6.7500,Tax,1,0,1
US,NC,27943,,6.7500,Tax,1,0,1
US,NC,27944,,6.7500,Tax,1,0,1
US,NC,27946,,6.7500,Tax,1,0,1
US,NC,27947,,6.7500,Tax,1,0,1
US,NC,27948,,6.7500,Tax,1,0,1
US,NC,27949,,6.7500,Tax,1,0,1
US,NC,27950,,6.7500,Tax,1,0,1
US,NC,27953,,6.7500,Tax,1,0,1
US,NC,27954,,6.7500,Tax,1,0,1
US,NC,27956,,6.7500,Tax,1,0,1
US,NC,27957,,6.7500,Tax,1,0,1
US,NC,27958,,6.7500,Tax,1,0,1
US,NC,27959,,6.7500,Tax,1,0,1
US,NC,27960,,6.7500,Tax,1,0,1
US,NC,27962,,6.7500,Tax,1,0,1
US,NC,27964,,6.7500,Tax,1,0,1
US,NC,27965,,6.7500,Tax,1,0,1
US,NC,27966,,6.7500,Tax,1,0,1
US,NC,27967,,6.7500,Tax,1,0,1
US,NC,27968,,6.7500,Tax,1,0,1
US,NC,27969,,6.7500,Tax,1,0,1
US,NC,27970,,6.7500,Tax,1,0,1
US,NC,27972,,6.7500,Tax,1,0,1
US,NC,27973,,6.7500,Tax,1,0,1
US,NC,27974,,6.7500,Tax,1,0,1
US,NC,27976,,6.7500,Tax,1,0,1
US,NC,27978,,6.7500,Tax,1,0,1
US,NC,27979,,6.7500,Tax,1,0,1
US,NC,27980,,6.7500,Tax,1,0,1
US,NC,27981,,6.7500,Tax,1,0,1
US,NC,27982,,6.7500,Tax,1,0,1
US,NC,27983,,6.7500,Tax,1,0,1
US,NC,27985,,6.7500,Tax,1,0,1
US,NC,27986,,6.7500,Tax,1,0,1
US,NC,28001,,7.2500,Tax,1,0,1
US,NC,28006,,7.2500,Tax,1,0,1
US,NC,28007,,6.7500,Tax,1,0,1
US,NC,28009,,7.2500,Tax,1,0,1
US,NC,28012,,7.2500,Tax,1,0,1
US,NC,28016,,7.2500,Tax,1,0,1
US,NC,28017,,7.2500,Tax,1,0,1
US,NC,28019,,6.7500,Tax,1,0,1
US,NC,28020,,6.7500,Tax,1,0,1
US,NC,28021,,7.2500,Tax,1,0,1
US,NC,28023,,7.2500,Tax,1,0,1
US,NC,28025,,7.2500,Tax,1,0,1
US,NC,28027,,7.2500,Tax,1,0,1
US,NC,28031,,7.2500,Tax,1,0,1
US,NC,28032,,6.7500,Tax,1,0,1
US,NC,28033,,6.7500,Tax,1,0,1
US,NC,28034,,7.2500,Tax,1,0,1
US,NC,28036,,7.2500,Tax,1,0,1
US,NC,28037,,6.7500,Tax,1,0,1
US,NC,28040,,7.2500,Tax,1,0,1
US,NC,28041,,6.7500,Tax,1,0,1
US,NC,28043,,7.2500,Tax,1,0,1
US,NC,28052,,6.7500,Tax,1,0,1
US,NC,28054,,7.2500,Tax,1,0,1
US,NC,28056,,6.7500,Tax,1,0,1
US,NC,28071,,7.2500,Tax,1,0,1
US,NC,28072,,6.7500,Tax,1,0,1
US,NC,28073,,7.2500,Tax,1,0,1
US,NC,28074,,7.2500,Tax,1,0,1
US,NC,28075,,7.2500,Tax,1,0,1
US,NC,28076,,7.2500,Tax,1,0,1
US,NC,28077,,7.2500,Tax,1,0,1
US,NC,28078,,7.2500,Tax,1,0,1
US,NC,28079,,7.2500,Tax,1,0,1
US,NC,28081,,6.7500,Tax,1,0,1
US,NC,28083,,6.7500,Tax,1,0,1
US,NC,28086,,7.2500,Tax,1,0,1
US,NC,28088,,6.7500,Tax,1,0,1
US,NC,28089,,6.7500,Tax,1,0,1
US,NC,28090,,6.7500,Tax,1,0,1
US,NC,28091,,6.7500,Tax,1,0,1
US,NC,28092,,6.7500,Tax,1,0,1
US,NC,28097,,6.7500,Tax,1,0,1
US,NC,28098,,6.7500,Tax,1,0,1
US,NC,28101,,6.7500,Tax,1,0,1
US,NC,28102,,6.7500,Tax,1,0,1
US,NC,28103,,6.7500,Tax,1,0,1
US,NC,28104,,7.2500,Tax,1,0,1
US,NC,28105,,7.2500,Tax,1,0,1
US,NC,28107,,7.2500,Tax,1,0,1
US,NC,28108,,6.7500,Tax,1,0,1
US,NC,28109,,7.2500,Tax,1,0,1
US,NC,28110,,7.2500,Tax,1,0,1
US,NC,28112,,6.7500,Tax,1,0,1
US,NC,28114,,6.7500,Tax,1,0,1
US,NC,28115,,7.0000,Tax,1,0,1
US,NC,28117,,6.7500,Tax,1,0,1
US,NC,28119,,7.0000,Tax,1,0,1
US,NC,28120,,7.0000,Tax,1,0,1
US,NC,28124,,6.7500,Tax,1,0,1
US,NC,28125,,6.7500,Tax,1,0,1
US,NC,28127,,7.0000,Tax,1,0,1
US,NC,28128,,6.7500,Tax,1,0,1
US,NC,28129,,6.7500,Tax,1,0,1
US,NC,28133,,6.7500,Tax,1,0,1
US,NC,28134,,6.7500,Tax,1,0,1
US,NC,28135,,6.7500,Tax,1,0,1
US,NC,28136,,7.0000,Tax,1,0,1
US,NC,28137,,6.7500,Tax,1,0,1
US,NC,28138,,6.7500,Tax,1,0,1
US,NC,28139,,6.7500,Tax,1,0,1
US,NC,28144,,6.7500,Tax,1,0,1
US,NC,28146,,7.0000,Tax,1,0,1
US,NC,28147,,6.7500,Tax,1,0,1
US,NC,28150,,6.7500,Tax,1,0,1
US,NC,28152,,6.7500,Tax,1,0,1
US,NC,28159,,6.7500,Tax,1,0,1
US,NC,28160,,6.7500,Tax,1,0,1
US,NC,28163,,6.7500,Tax,1,0,1
US,NC,28164,,6.7500,Tax,1,0,1
US,NC,28166,,6.7500,Tax,1,0,1
US,NC,28167,,6.7500,Tax,1,0,1
US,NC,28168,,6.7500,Tax,1,0,1
US,NC,28169,,6.7500,Tax,1,0,1
US,NC,28170,,6.7500,Tax,1,0,1
US,NC,28173,,6.7500,Tax,1,0,1
US,NC,28174,,6.7500,Tax,1,0,1
US,NC,28201,,7.2500,Tax,1,0,1
US,NC,28202,,7.2500,Tax,1,0,1
US,NC,28203,,7.2500,Tax,1,0,1
US,NC,28204,,7.2500,Tax,1,0,1
US,NC,28205,,7.2500,Tax,1,0,1
US,NC,28206,,7.2500,Tax,1,0,1
US,NC,28207,,7.2500,Tax,1,0,1
US,NC,28208,,7.2500,Tax,1,0,1
US,NC,28209,,7.2500,Tax,1,0,1
US,NC,28210,,7.2500,Tax,1,0,1
US,NC,28211,,7.2500,Tax,1,0,1
US,NC,28212,,7.2500,Tax,1,0,1
US,NC,28213,,7.2500,Tax,1,0,1
US,NC,28214,,7.2500,Tax,1,0,1
US,NC,28215,,7.2500,Tax,1,0,1
US,NC,28216,,7.2500,Tax,1,0,1
US,NC,28217,,7.2500,Tax,1,0,1
US,NC,28223,,7.2500,Tax,1,0,1
US,NC,28226,,7.2500,Tax,1,0,1
US,NC,28227,,7.2500,Tax,1,0,1
US,NC,28244,,7.2500,Tax,1,0,1
US,NC,28262,,7.2500,Tax,1,0,1
US,NC,28269,,7.2500,Tax,1,0,1
US,NC,28270,,7.2500,Tax,1,0,1
US,NC,28273,,7.2500,Tax,1,0,1
US,NC,28274,,7.2500,Tax,1,0,1
US,NC,28277,,7.2500,Tax,1,0,1
US,NC,28278,,7.2500,Tax,1,0,1
US,NC,28280,,7.2500,Tax,1,0,1
US,NC,28282,,7.2500,Tax,1,0,1
US,NC,28301,,7.0000,Tax,1,0,1
US,NC,28303,,7.0000,Tax,1,0,1
US,NC,28304,,7.0000,Tax,1,0,1
US,NC,28305,,7.0000,Tax,1,0,1
US,NC,28306,,7.0000,Tax,1,0,1
US,NC,28307,,7.0000,Tax,1,0,1
US,NC,28308,,7.0000,Tax,1,0,1
US,NC,28310,,7.0000,Tax,1,0,1
US,NC,28311,,7.0000,Tax,1,0,1
US,NC,28312,,7.0000,Tax,1,0,1
US,NC,28314,,7.0000,Tax,1,0,1
US,NC,28315,,7.0000,Tax,1,0,1
US,NC,28318,,7.0000,Tax,1,0,1
US,NC,28320,,6.7500,Tax,1,0,1
US,NC,28323,,6.7500,Tax,1,0,1
US,NC,28325,,7.0000,Tax,1,0,1
US,NC,28326,,6.7500,Tax,1,0,1
US,NC,28327,,7.0000,Tax,1,0,1
US,NC,28328,,6.7500,Tax,1,0,1
US,NC,28329,,7.0000,Tax,1,0,1
US,NC,28330,,7.0000,Tax,1,0,1
US,NC,28331,,7.0000,Tax,1,0,1
US,NC,28332,,7.0000,Tax,1,0,1
US,NC,28333,,7.0000,Tax,1,0,1
US,NC,28334,,7.0000,Tax,1,0,1
US,NC,28337,,7.0000,Tax,1,0,1
US,NC,28338,,6.7500,Tax,1,0,1
US,NC,28339,,7.0000,Tax,1,0,1
US,NC,28340,,6.7500,Tax,1,0,1
US,NC,28341,,7.0000,Tax,1,0,1
US,NC,28342,,7.0000,Tax,1,0,1
US,NC,28343,,7.0000,Tax,1,0,1
US,NC,28344,,7.0000,Tax,1,0,1
US,NC,28345,,6.7500,Tax,1,0,1
US,NC,28347,,6.7500,Tax,1,0,1
US,NC,28348,,6.7500,Tax,1,0,1
US,NC,28349,,7.0000,Tax,1,0,1
US,NC,28350,,7.0000,Tax,1,0,1
US,NC,28351,,7.0000,Tax,1,0,1
US,NC,28352,,7.0000,Tax,1,0,1
US,NC,28356,,7.0000,Tax,1,0,1
US,NC,28357,,7.0000,Tax,1,0,1
US,NC,28358,,6.7500,Tax,1,0,1
US,NC,28359,,7.0000,Tax,1,0,1
US,NC,28360,,7.0000,Tax,1,0,1
US,NC,28362,,7.0000,Tax,1,0,1
US,NC,28363,,7.0000,Tax,1,0,1
US,NC,28364,,7.0000,Tax,1,0,1
US,NC,28365,,7.0000,Tax,1,0,1
US,NC,28366,,7.0000,Tax,1,0,1
US,NC,28367,,7.0000,Tax,1,0,1
US,NC,28368,,7.0000,Tax,1,0,1
US,NC,28369,,7.0000,Tax,1,0,1
US,NC,28371,,7.0000,Tax,1,0,1
US,NC,28372,,7.0000,Tax,1,0,1
US,NC,28373,,6.7500,Tax,1,0,1
US,NC,28374,,7.0000,Tax,1,0,1
US,NC,28375,,7.0000,Tax,1,0,1
US,NC,28376,,7.0000,Tax,1,0,1
US,NC,28377,,7.0000,Tax,1,0,1
US,NC,28378,,7.0000,Tax,1,0,1
US,NC,28379,,7.0000,Tax,1,0,1
US,NC,28382,,7.0000,Tax,1,0,1
US,NC,28383,,7.0000,Tax,1,0,1
US,NC,28384,,7.0000,Tax,1,0,1
US,NC,28385,,7.0000,Tax,1,0,1
US,NC,28386,,7.0000,Tax,1,0,1
US,NC,28387,,7.0000,Tax,1,0,1
US,NC,28390,,7.0000,Tax,1,0,1
US,NC,28391,,7.0000,Tax,1,0,1
US,NC,28392,,7.0000,Tax,1,0,1
US,NC,28393,,7.0000,Tax,1,0,1
US,NC,28394,,7.0000,Tax,1,0,1
US,NC,28395,,7.0000,Tax,1,0,1
US,NC,28396,,7.0000,Tax,1,0,1
US,NC,28398,,7.0000,Tax,1,0,1
US,NC,28399,,7.0000,Tax,1,0,1
US,NC,28401,,7.0000,Tax,1,0,1
US,NC,28403,,7.0000,Tax,1,0,1
US,NC,28405,,7.0000,Tax,1,0,1
US,NC,28409,,7.0000,Tax,1,0,1
US,NC,28411,,7.0000,Tax,1,0,1
US,NC,28412,,7.0000,Tax,1,0,1
US,NC,28420,,6.7500,Tax,1,0,1
US,NC,28421,,6.7500,Tax,1,0,1
US,NC,28422,,6.7500,Tax,1,0,1
US,NC,28423,,6.7500,Tax,1,0,1
US,NC,28424,,6.7500,Tax,1,0,1
US,NC,28425,,6.7500,Tax,1,0,1
US,NC,28428,,6.7500,Tax,1,0,1
US,NC,28429,,6.7500,Tax,1,0,1
US,NC,28430,,6.7500,Tax,1,0,1
US,NC,28431,,6.7500,Tax,1,0,1
US,NC,28432,,6.7500,Tax,1,0,1
US,NC,28433,,6.7500,Tax,1,0,1
US,NC,28434,,6.7500,Tax,1,0,1
US,NC,28435,,6.7500,Tax,1,0,1
US,NC,28436,,6.7500,Tax,1,0,1
US,NC,28438,,6.7500,Tax,1,0,1
US,NC,28439,,6.7500,Tax,1,0,1
US,NC,28441,,6.7500,Tax,1,0,1
US,NC,28442,,6.7500,Tax,1,0,1
US,NC,28443,,6.7500,Tax,1,0,1
US,NC,28444,,6.7500,Tax,1,0,1
US,NC,28445,,6.7500,Tax,1,0,1
US,NC,28447,,6.7500,Tax,1,0,1
US,NC,28448,,6.7500,Tax,1,0,1
US,NC,28449,,6.7500,Tax,1,0,1
US,NC,28451,,6.7500,Tax,1,0,1
US,NC,28452,,6.7500,Tax,1,0,1
US,NC,28453,,6.7500,Tax,1,0,1
US,NC,28454,,7.0000,Tax,1,0,1
US,NC,28455,,6.7500,Tax,1,0,1
US,NC,28456,,6.7500,Tax,1,0,1
US,NC,28457,,6.7500,Tax,1,0,1
US,NC,28458,,6.7500,Tax,1,0,1
US,NC,28460,,6.7500,Tax,1,0,1
US,NC,28461,,6.7500,Tax,1,0,1
US,NC,28462,,6.7500,Tax,1,0,1
US,NC,28463,,6.7500,Tax,1,0,1
US,NC,28464,,6.7500,Tax,1,0,1
US,NC,28465,,6.7500,Tax,1,0,1
US,NC,28466,,6.7500,Tax,1,0,1
US,NC,28467,,6.7500,Tax,1,0,1
US,NC,28468,,6.7500,Tax,1,0,1
US,NC,28469,,6.7500,Tax,1,0,1
US,NC,28470,,6.7500,Tax,1,0,1
US,NC,28472,,6.7500,Tax,1,0,1
US,NC,28478,,6.7500,Tax,1,0,1
US,NC,28479,,6.7500,Tax,1,0,1
US,NC,28480,,6.7500,Tax,1,0,1
US,NC,28501,,6.7500,Tax,1,0,1
US,NC,28504,,6.7500,Tax,1,0,1
US,NC,28508,,6.7500,Tax,1,0,1
US,NC,28510,,6.7500,Tax,1,0,1
US,NC,28511,,6.7500,Tax,1,0,1
US,NC,28512,,6.7500,Tax,1,0,1
US,NC,28513,,6.7500,Tax,1,0,1
US,NC,28515,,6.7500,Tax,1,0,1
US,NC,28516,,6.7500,Tax,1,0,1
US,NC,28518,,6.7500,Tax,1,0,1
US,NC,28519,,6.7500,Tax,1,0,1
US,NC,28520,,6.7500,Tax,1,0,1
US,NC,28521,,6.7500,Tax,1,0,1
US,NC,28523,,6.7500,Tax,1,0,1
US,NC,28524,,6.7500,Tax,1,0,1
US,NC,28525,,6.7500,Tax,1,0,1
US,NC,28526,,6.7500,Tax,1,0,1
US,NC,28527,,6.7500,Tax,1,0,1
US,NC,28528,,6.7500,Tax,1,0,1
US,NC,28529,,6.7500,Tax,1,0,1
US,NC,28530,,6.7500,Tax,1,0,1
US,NC,28531,,6.7500,Tax,1,0,1
US,NC,28532,,6.7500,Tax,1,0,1
US,NC,28533,,6.7500,Tax,1,0,1
US,NC,28537,,6.7500,Tax,1,0,1
US,NC,28538,,6.7500,Tax,1,0,1
US,NC,28539,,6.7500,Tax,1,0,1
US,NC,28540,,6.7500,Tax,1,0,1
US,NC,28541,,6.7500,Tax,1,0,1
US,NC,28542,,6.7500,Tax,1,0,1
US,NC,28543,,6.7500,Tax,1,0,1
US,NC,28544,,6.7500,Tax,1,0,1
US,NC,28546,,6.7500,Tax,1,0,1
US,NC,28547,,6.7500,Tax,1,0,1
US,NC,28551,,6.7500,Tax,1,0,1
US,NC,28552,,6.7500,Tax,1,0,1
US,NC,28553,,6.7500,Tax,1,0,1
US,NC,28554,,6.7500,Tax,1,0,1
US,NC,28555,,6.7500,Tax,1,0,1
US,NC,28556,,6.7500,Tax,1,0,1
US,NC,28557,,6.7500,Tax,1,0,1
US,NC,28560,,6.7500,Tax,1,0,1
US,NC,28562,,6.7500,Tax,1,0,1
US,NC,28563,,6.7500,Tax,1,0,1
US,NC,28570,,6.7500,Tax,1,0,1
US,NC,28571,,6.7500,Tax,1,0,1
US,NC,28572,,6.7500,Tax,1,0,1
US,NC,28574,,6.7500,Tax,1,0,1
US,NC,28575,,6.7500,Tax,1,0,1
US,NC,28577,,6.7500,Tax,1,0,1
US,NC,28578,,6.7500,Tax,1,0,1
US,NC,28579,,6.7500,Tax,1,0,1
US,NC,28580,,6.7500,Tax,1,0,1
US,NC,28581,,6.7500,Tax,1,0,1
US,NC,28582,,6.7500,Tax,1,0,1
US,NC,28584,,6.7500,Tax,1,0,1
US,NC,28585,,6.7500,Tax,1,0,1
US,NC,28586,,6.7500,Tax,1,0,1
US,NC,28587,,6.7500,Tax,1,0,1
US,NC,28590,,6.7500,Tax,1,0,1
US,NC,28594,,6.7500,Tax,1,0,1
US,NC,28601,,6.7500,Tax,1,0,1
US,NC,28602,,6.7500,Tax,1,0,1
US,NC,28604,,6.7500,Tax,1,0,1
US,NC,28605,,6.7500,Tax,1,0,1
US,NC,28607,,6.7500,Tax,1,0,1
US,NC,28609,,6.7500,Tax,1,0,1
US,NC,28610,,6.7500,Tax,1,0,1
US,NC,28611,,6.7500,Tax,1,0,1
US,NC,28612,,6.7500,Tax,1,0,1
US,NC,28613,,6.7500,Tax,1,0,1
US,NC,28615,,6.7500,Tax,1,0,1
US,NC,28617,,6.7500,Tax,1,0,1
US,NC,28618,,6.7500,Tax,1,0,1
US,NC,28621,,7.0000,Tax,1,0,1
US,NC,28622,,6.7500,Tax,1,0,1
US,NC,28623,,6.7500,Tax,1,0,1
US,NC,28624,,6.7500,Tax,1,0,1
US,NC,28625,,6.7500,Tax,1,0,1
US,NC,28627,,6.7500,Tax,1,0,1
US,NC,28628,,6.7500,Tax,1,0,1
US,NC,28629,,6.7500,Tax,1,0,1
US,NC,28630,,6.7500,Tax,1,0,1
US,NC,28631,,6.7500,Tax,1,0,1
US,NC,28634,,6.7500,Tax,1,0,1
US,NC,28635,,6.7500,Tax,1,0,1
US,NC,28636,,6.7500,Tax,1,0,1
US,NC,28637,,6.7500,Tax,1,0,1
US,NC,28638,,6.7500,Tax,1,0,1
US,NC,28640,,6.7500,Tax,1,0,1
US,NC,28641,,6.7500,Tax,1,0,1
US,NC,28642,,6.7500,Tax,1,0,1
US,NC,28643,,6.7500,Tax,1,0,1
US,NC,28644,,6.7500,Tax,1,0,1
US,NC,28645,,6.7500,Tax,1,0,1
US,NC,28646,,6.7500,Tax,1,0,1
US,NC,28649,,6.7500,Tax,1,0,1
US,NC,28650,,6.7500,Tax,1,0,1
US,NC,28651,,6.7500,Tax,1,0,1
US,NC,28653,,6.7500,Tax,1,0,1
US,NC,28654,,6.7500,Tax,1,0,1
US,NC,28655,,6.7500,Tax,1,0,1
US,NC,28657,,6.7500,Tax,1,0,1
US,NC,28658,,6.7500,Tax,1,0,1
US,NC,28659,,6.7500,Tax,1,0,1
US,NC,28660,,6.7500,Tax,1,0,1
US,NC,28662,,6.7500,Tax,1,0,1
US,NC,28663,,6.7500,Tax,1,0,1
US,NC,28664,,6.7500,Tax,1,0,1
US,NC,28665,,6.7500,Tax,1,0,1
US,NC,28667,,6.7500,Tax,1,0,1
US,NC,28668,,6.7500,Tax,1,0,1
US,NC,28669,,6.7500,Tax,1,0,1
US,NC,28670,,6.7500,Tax,1,0,1
US,NC,28671,,6.7500,Tax,1,0,1
US,NC,28672,,6.7500,Tax,1,0,1
US,NC,28673,,6.7500,Tax,1,0,1
US,NC,28675,,6.7500,Tax,1,0,1
US,NC,28676,,6.7500,Tax,1,0,1
US,NC,28677,,6.7500,Tax,1,0,1
US,NC,28678,,6.7500,Tax,1,0,1
US,NC,28679,,6.7500,Tax,1,0,1
US,NC,28681,,6.7500,Tax,1,0,1
US,NC,28682,,6.7500,Tax,1,0,1
US,NC,28683,,6.7500,Tax,1,0,1
US,NC,28684,,6.7500,Tax,1,0,1
US,NC,28685,,6.7500,Tax,1,0,1
US,NC,28689,,6.7500,Tax,1,0,1
US,NC,28690,,6.7500,Tax,1,0,1
US,NC,28692,,6.7500,Tax,1,0,1
US,NC,28693,,6.7500,Tax,1,0,1
US,NC,28694,,6.7500,Tax,1,0,1
US,NC,28697,,6.7500,Tax,1,0,1
US,NC,28698,,6.7500,Tax,1,0,1
US,NC,28701,,7.0000,Tax,1,0,1
US,NC,28704,,7.0000,Tax,1,0,1
US,NC,28705,,7.0000,Tax,1,0,1
US,NC,28707,,7.0000,Tax,1,0,1
US,NC,28708,,6.7500,Tax,1,0,1
US,NC,28709,,7.0000,Tax,1,0,1
US,NC,28710,,6.7500,Tax,1,0,1
US,NC,28711,,6.7500,Tax,1,0,1
US,NC,28712,,7.0000,Tax,1,0,1
US,NC,28713,,6.7500,Tax,1,0,1
US,NC,28714,,6.7500,Tax,1,0,1
US,NC,28715,,7.0000,Tax,1,0,1
US,NC,28716,,6.7500,Tax,1,0,1
US,NC,28717,,6.7500,Tax,1,0,1
US,NC,28718,,6.7500,Tax,1,0,1
US,NC,28719,,6.7500,Tax,1,0,1
US,NC,28720,,6.7500,Tax,1,0,1
US,NC,28721,,6.7500,Tax,1,0,1
US,NC,28722,,6.7500,Tax,1,0,1
US,NC,28723,,6.7500,Tax,1,0,1
US,NC,28724,,7.0000,Tax,1,0,1
US,NC,28725,,6.7500,Tax,1,0,1
US,NC,28726,,6.7500,Tax,1,0,1
US,NC,28728,,7.0000,Tax,1,0,1
US,NC,28729,,7.0000,Tax,1,0,1
US,NC,28730,,6.7500,Tax,1,0,1
US,NC,28731,,6.7500,Tax,1,0,1
US,NC,28732,,6.7500,Tax,1,0,1
US,NC,28733,,6.7500,Tax,1,0,1
US,NC,28734,,6.7500,Tax,1,0,1
US,NC,28735,,6.7500,Tax,1,0,1
US,NC,28736,,6.7500,Tax,1,0,1
US,NC,28739,,7.0000,Tax,1,0,1
US,NC,28740,,6.7500,Tax,1,0,1
US,NC,28741,,6.7500,Tax,1,0,1
US,NC,28742,,6.7500,Tax,1,0,1
US,NC,28743,,7.0000,Tax,1,0,1
US,NC,28744,,7.0000,Tax,1,0,1
US,NC,28745,,6.7500,Tax,1,0,1
US,NC,28746,,6.7500,Tax,1,0,1
US,NC,28747,,6.7500,Tax,1,0,1
US,NC,28748,,6.7500,Tax,1,0,1
US,NC,28749,,6.7500,Tax,1,0,1
US,NC,28751,,6.7500,Tax,1,0,1
US,NC,28752,,6.7500,Tax,1,0,1
US,NC,28753,,6.7500,Tax,1,0,1
US,NC,28754,,6.7500,Tax,1,0,1
US,NC,28755,,6.7500,Tax,1,0,1
US,NC,28756,,6.7500,Tax,1,0,1
US,NC,28757,,6.7500,Tax,1,0,1
US,NC,28758,,7.0000,Tax,1,0,1
US,NC,28759,,6.7500,Tax,1,0,1
US,NC,28761,,6.7500,Tax,1,0,1
US,NC,28762,,6.7500,Tax,1,0,1
US,NC,28763,,6.7500,Tax,1,0,1
US,NC,28766,,6.7500,Tax,1,0,1
US,NC,28768,,6.7500,Tax,1,0,1
US,NC,28770,,6.7500,Tax,1,0,1
US,NC,28771,,6.7500,Tax,1,0,1
US,NC,28772,,6.7500,Tax,1,0,1
US,NC,28773,,6.7500,Tax,1,0,1
US,NC,28774,,6.7500,Tax,1,0,1
US,NC,28775,,6.7500,Tax,1,0,1
US,NC,28777,,6.7500,Tax,1,0,1
US,NC,28778,,6.7500,Tax,1,0,1
US,NC,28779,,6.7500,Tax,1,0,1
US,NC,28781,,6.7500,Tax,1,0,1
US,NC,28782,,6.7500,Tax,1,0,1
US,NC,28783,,6.7500,Tax,1,0,1
US,NC,28784,,6.7500,Tax,1,0,1
US,NC,28785,,6.7500,Tax,1,0,1
US,NC,28786,,6.7500,Tax,1,0,1
US,NC,28787,,7.0000,Tax,1,0,1
US,NC,28788,,6.7500,Tax,1,0,1
US,NC,28789,,6.7500,Tax,1,0,1
US,NC,28790,,6.7500,Tax,1,0,1
US,NC,28791,,7.0000,Tax,1,0,1
US,NC,28792,,6.7500,Tax,1,0,1
US,NC,28801,,7.0000,Tax,1,0,1
US,NC,28803,,7.0000,Tax,1,0,1
US,NC,28804,,7.0000,Tax,1,0,1
US,NC,28805,,7.0000,Tax,1,0,1
US,NC,28806,,7.0000,Tax,1,0,1
US,NC,28901,,7.0000,Tax,1,0,1
US,NC,28902,,7.0000,Tax,1,0,1
US,NC,28904,,7.0000,Tax,1,0,1
US,NC,28905,,7.0000,Tax,1,0,1
US,NC,28906,,7.0000,Tax,1,0,1
US,NC,28909,,7.0000,Tax,1,0,1